name,hidden,lr,decay,batch,init,standardize,l2,augment,epochs,best_epoch,train_acc,val_best,val_last
0_baseline,32,0.1,1.0,full,small,False,0.0,False,30,5,0.4989,0.5573,0.4428
1_standardize,32,0.1,1.0,full,small,True,0.0,False,30,30,0.8590,0.8706,0.8706
2_he_init,32,0.1,1.0,full,he,True,0.0,False,30,29,0.8800,0.8792,0.8103
3_minibatch,32,0.1,1.0,64,he,True,0.0,False,30,7,0.9681,0.9305,0.9183
4_lr_1,32,1.0,1.0,64,he,True,0.0,False,30,1,0.4980,0.5572,0.5572
4_lr_0.3,32,0.3,1.0,64,he,True,0.0,False,30,11,0.9757,0.9360,0.9231
4_lr_0.03,32,0.03,1.0,64,he,True,0.0,False,30,14,0.9699,0.9278,0.9189
4_lr_0.01,32,0.01,1.0,64,he,True,0.0,False,30,14,0.9699,0.9170,0.8916
5_decay,32,0.1,0.85,64,he,True,0.0,False,30,7,0.9717,0.9274,0.9047
6_hidden_16,16,0.1,0.85,64,he,True,0.0,False,30,3,0.9558,0.9210,0.9005
6_hidden_64,64,0.1,0.85,64,he,True,0.0,False,30,7,0.9740,0.9237,0.9063
6_hidden_128,128,0.1,0.85,64,he,True,0.0,False,30,7,0.9794,0.9267,0.9051
7_two_layers,"64,32",0.1,0.85,64,he,True,0.0,False,30,6,0.9835,0.9290,0.9147
8_l2_0.001,64,0.1,0.85,64,he,True,0.001,False,30,7,0.9718,0.9292,0.9152
8_l2_0.01,64,0.1,0.85,64,he,True,0.01,False,30,6,0.9600,0.9337,0.9199
8_l2_0.03,64,0.1,0.85,64,he,True,0.03,False,30,14,0.9447,0.9281,0.9115
9_augment,64,0.1,0.6,64,he,True,0.01,True,8,4,0.9512,0.9433,0.9318
9_augment_l2_0.003,64,0.1,0.6,64,he,True,0.003,True,8,4,0.9613,0.9498,0.9392
logistic_regression,0,0.1,0.6,64,he,True,0.003,True,8,5,0.8840,0.9058,0.8943
final,64,0.1,0.6,64,he,True,0.003,True,8,4,0.9613,0.9498,0.9392
